STATION,NAME,LATITUDE,LONGITUDE,ELEVATION,DATE,DAPR,DAPR_ATTRIBUTES,MDPR,MDPR_ATTRIBUTES,PRCP,PRCP_ATTRIBUTES,SNOW,SNOW_ATTRIBUTES,
US1DCDC0014,"WASHINGTON 5.1 NW, DC US",38.958091,-77.08173,106.4,1/1/2017,,,,,0,",,N",0,",,N",
US1DCDC0014,"WASHINGTON 5.1 NW, DC US",38.958091,-77.08173,106.4,1/2/2017,,,,,3.6,",,N",,,3.138347458
US1DCDC0014,"WASHINGTON 5.1 NW, DC US",38.958091,-77.08173,106.4,1/3/2017,,,,,7.6,",,N",,,
US1DCDC0014,"WASHINGTON 5.1 NW, DC US",38.958091,-77.08173,106.4,1/4/2017,,,,,16,",,N",,,
US1DCDC0014,"WASHINGTON 5.1 NW, DC US",38.958091,-77.08173,106.4,1/5/2017,,,,,0.5,",,N",,,
US1DCDC0014,"WASHINGTON 5.1 NW, DC US",38.958091,-77.08173,106.4,1/6/2017,,,,,0.3,",,N",,,
US1DCDC0014,"WASHINGTON 5.1 NW, DC US",38.958091,-77.08173,106.4,1/7/2017,,,,,0,"T,,N",,,
US1DCDC0014,"WASHINGTON 5.1 NW, DC US",38.958091,-77.08173,106.4,1/8/2017,,,,,1.3,",,N",,,
US1DCDC0014,"WASHINGTON 5.1 NW, DC US",38.958091,-77.08173,106.4,1/9/2017,,,,,0,",,N",0,",,N",
US1DCDC0014,"WASHINGTON 5.1 NW, DC US",38.958091,-77.08173,106.4,1/10/2017,,,,,0,",,N",0,",,N",
US1DCDC0014,"WASHINGTON 5.1 NW, DC US",38.958091,-77.08173,106.4,1/11/2017,,,,,1.3,",,N",,,
US1DCDC0014,"WASHINGTON 5.1 NW, DC US",38.958091,-77.08173,106.4,1/12/2017,,,,,1.3,",,N",,,
US1DCDC0014,"WASHINGTON 5.1 NW, DC US",38.958091,-77.08173,106.4,1/13/2017,,,,,0,",,N",0,",,N",
US1DCDC0014,"WASHINGTON 5.1 NW, DC US",38.958091,-77.08173,106.4,1/14/2017,,,,,0.5,",,N",,,
US1DCDC0014,"WASHINGTON 5.1 NW, DC US",38.958091,-77.08173,106.4,1/15/2017,,,,,5.8,",,N",,,
US1DCDC0014,"WASHINGTON 5.1 NW, DC US",38.958091,-77.08173,106.4,1/16/2017,,,,,0.5,",,N",,,
US1DCDC0014,"WASHINGTON 5.1 NW, DC US",38.958091,-77.08173,106.4,1/17/2017,,,,,0.8,",,N",,,
US1DCDC0014,"WASHINGTON 5.1 NW, DC US",38.958091,-77.08173,106.4,1/18/2017,,,,,6.1,",,N",,,
US1DCDC0014,"WASHINGTON 5.1 NW, DC US",38.958091,-77.08173,106.4,1/19/2017,,,,,0,",,N",0,",,N",
US1DCDC0014,"WASHINGTON 5.1 NW, DC US",38.958091,-77.08173,106.4,1/21/2017,,,,,0.5,",,N",,,
US1DCDC0014,"WASHINGTON 5.1 NW, DC US",38.958091,-77.08173,106.4,1/22/2017,,,,,0.5,",,N",,,
US1DCDC0014,"WASHINGTON 5.1 NW, DC US",38.958091,-77.08173,106.4,1/23/2017,,,,,4.6,",,N",,,
US1DCDC0014,"WASHINGTON 5.1 NW, DC US",38.958091,-77.08173,106.4,1/24/2017,,,,,15.2,",,N",,,
US1DCDC0014,"WASHINGTON 5.1 NW, DC US",38.958091,-77.08173,106.4,1/25/2017,,,,,0,",,N",0,",,N",
US1DCDC0014,"WASHINGTON 5.1 NW, DC US",38.958091,-77.08173,106.4,1/26/2017,,,,,0.5,",,N",,,
US1DCDC0014,"WASHINGTON 5.1 NW, DC US",38.958091,-77.08173,106.4,1/27/2017,,,,,0,",,N",0,",,N",
US1DCDC0014,"WASHINGTON 5.1 NW, DC US",38.958091,-77.08173,106.4,1/29/2017,,,,,0,",,N",0,",,N",
US1DCDC0014,"WASHINGTON 5.1 NW, DC US",38.958091,-77.08173,106.4,1/30/2017,,,,,1.5,",,N",,,
US1DCDC0014,"WASHINGTON 5.1 NW, DC US",38.958091,-77.08173,106.4,1/31/2017,,,,,0,"T,,N",,,
US1DCDC0014,"WASHINGTON 5.1 NW, DC US",38.958091,-77.08173,106.4,2/1/2017,,,,,0,",,N",0,",,N",
US1DCDC0014,"WASHINGTON 5.1 NW, DC US",38.958091,-77.08173,106.4,2/2/2017,,,,,0,",,N",0,",,N",
US1DCDC0014,"WASHINGTON 5.1 NW, DC US",38.958091,-77.08173,106.4,2/3/2017,,,,,0,",,N",0,",,N",
US1DCDC0014,"WASHINGTON 5.1 NW, DC US",38.958091,-77.08173,106.4,2/4/2017,,,,,0,",,N",0,",,N",
US1DCDC0014,"WASHINGTON 5.1 NW, DC US",38.958091,-77.08173,106.4,2/5/2017,,,,,0,",,N",0,",,N",
US1DCDC0014,"WASHINGTON 5.1 NW, DC US",38.958091,-77.08173,106.4,2/6/2017,,,,,0,",,N",0,",,N",
US1DCDC0014,"WASHINGTON 5.1 NW, DC US",38.958091,-77.08173,106.4,2/7/2017,,,,,0,",,N",0,",,N",
US1DCDC0014,"WASHINGTON 5.1 NW, DC US",38.958091,-77.08173,106.4,2/8/2017,,,,,0,",,N",0,",,N",
US1DCDC0014,"WASHINGTON 5.1 NW, DC US",38.958091,-77.08173,106.4,2/9/2017,,,,,4.1,",,N",,,
US1DCDC0014,"WASHINGTON 5.1 NW, DC US",38.958091,-77.08173,106.4,2/10/2017,,,,,0,",,N",0,",,N",
US1DCDC0014,"WASHINGTON 5.1 NW, DC US",38.958091,-77.08173,106.4,2/11/2017,,,,,0.5,",,N",,,
US1DCDC0014,"WASHINGTON 5.1 NW, DC US",38.958091,-77.08173,106.4,2/12/2017,,,,,0,"T,,N",,,
US1DCDC0014,"WASHINGTON 5.1 NW, DC US",38.958091,-77.08173,106.4,2/13/2017,,,,,2.3,",,N",,,
US1DCDC0014,"WASHINGTON 5.1 NW, DC US",38.958091,-77.08173,106.4,2/14/2017,,,,,0,",,N",0,",,N",
US1DCDC0014,"WASHINGTON 5.1 NW, DC US",38.958091,-77.08173,106.4,2/15/2017,,,,,0,",,N",0,",,N",
US1DCDC0014,"WASHINGTON 5.1 NW, DC US",38.958091,-77.08173,106.4,2/16/2017,,,,,0,",,N",0,",,N",
US1DCDC0014,"WASHINGTON 5.1 NW, DC US",38.958091,-77.08173,106.4,2/17/2017,,,,,0,",,N",0,",,N",
US1DCDC0014,"WASHINGTON 5.1 NW, DC US",38.958091,-77.08173,106.4,2/18/2017,,,,,0,",,N",0,",,N",
US1DCDC0014,"WASHINGTON 5.1 NW, DC US",38.958091,-77.08173,106.4,2/19/2017,,,,,0,",,N",0,",,N",
US1DCDC0014,"WASHINGTON 5.1 NW, DC US",38.958091,-77.08173,106.4,2/20/2017,,,,,0,",,N",0,",,N",
US1DCDC0014,"WASHINGTON 5.1 NW, DC US",38.958091,-77.08173,106.4,2/21/2017,,,,,0,",,N",0,",,N",
US1DCDC0014,"WASHINGTON 5.1 NW, DC US",38.958091,-77.08173,106.4,2/22/2017,,,,,0,",,N",0,",,N",
US1DCDC0014,"WASHINGTON 5.1 NW, DC US",38.958091,-77.08173,106.4,2/23/2017,,,,,0,",,N",0,",,N",
US1DCDC0014,"WASHINGTON 5.1 NW, DC US",38.958091,-77.08173,106.4,2/24/2017,,,,,0,",,N",0,",,N",
US1DCDC0014,"WASHINGTON 5.1 NW, DC US",38.958091,-77.08173,106.4,2/26/2017,,,,,6.6,",,N",,,
US1DCDC0014,"WASHINGTON 5.1 NW, DC US",38.958091,-77.08173,106.4,2/27/2017,,,,,0.3,",,N",,,
US1DCDC0014,"WASHINGTON 5.1 NW, DC US",38.958091,-77.08173,106.4,2/28/2017,,,,,0,",,N",0,",,N",
US1DCDC0014,"WASHINGTON 5.1 NW, DC US",38.958091,-77.08173,106.4,3/1/2017,,,,,8.4,",,N",,,
US1DCDC0014,"WASHINGTON 5.1 NW, DC US",38.958091,-77.08173,106.4,3/2/2017,,,,,0.5,",,N",,,
US1DCDC0014,"WASHINGTON 5.1 NW, DC US",38.958091,-77.08173,106.4,3/3/2017,,,,,0.3,",,N",,,
US1DCDC0014,"WASHINGTON 5.1 NW, DC US",38.958091,-77.08173,106.4,3/4/2017,,,,,0,",,N",0,",,N",
US1DCDC0014,"WASHINGTON 5.1 NW, DC US",38.958091,-77.08173,106.4,3/5/2017,,,,,0,",,N",0,",,N",
US1DCDC0014,"WASHINGTON 5.1 NW, DC US",38.958091,-77.08173,106.4,3/6/2017,,,,,0,",,N",0,",,N",
US1DCDC0014,"WASHINGTON 5.1 NW, DC US",38.958091,-77.08173,106.4,3/7/2017,,,,,0,",,N",0,",,N",
US1DCDC0014,"WASHINGTON 5.1 NW, DC US",38.958091,-77.08173,106.4,3/8/2017,,,,,3,",,N",,,
US1DCDC0014,"WASHINGTON 5.1 NW, DC US",38.958091,-77.08173,106.4,3/9/2017,,,,,0.3,",,N",,,
US1DCDC0014,"WASHINGTON 5.1 NW, DC US",38.958091,-77.08173,106.4,3/10/2017,,,,,2.3,",,N",,,
US1DCDC0014,"WASHINGTON 5.1 NW, DC US",38.958091,-77.08173,106.4,3/11/2017,,,,,0,",,N",0,",,N",
US1DCDC0014,"WASHINGTON 5.1 NW, DC US",38.958091,-77.08173,106.4,3/12/2017,,,,,0,",,N",0,",,N",
US1DCDC0014,"WASHINGTON 5.1 NW, DC US",38.958091,-77.08173,106.4,3/13/2017,,,,,0,",,N",0,",,N",
US1DCDC0014,"WASHINGTON 5.1 NW, DC US",38.958091,-77.08173,106.4,3/14/2017,,,,,15.2,",,N",,,
US1DCDC0014,"WASHINGTON 5.1 NW, DC US",38.958091,-77.08173,106.4,3/15/2017,,,,,0,",,N",0,",,N",
US1DCDC0014,"WASHINGTON 5.1 NW, DC US",38.958091,-77.08173,106.4,3/16/2017,,,,,0,",,N",0,",,N",
US1DCDC0014,"WASHINGTON 5.1 NW, DC US",38.958091,-77.08173,106.4,3/17/2017,,,,,0,",,N",0,",,N",
US1DCDC0014,"WASHINGTON 5.1 NW, DC US",38.958091,-77.08173,106.4,3/18/2017,,,,,0.5,",,N",,,
US1DCDC0014,"WASHINGTON 5.1 NW, DC US",38.958091,-77.08173,106.4,3/19/2017,,,,,10.4,",,N",,,
US1DCDC0014,"WASHINGTON 5.1 NW, DC US",38.958091,-77.08173,106.4,3/20/2017,,,,,1,",,N",,,
US1DCDC0014,"WASHINGTON 5.1 NW, DC US",38.958091,-77.08173,106.4,3/21/2017,,,,,0.5,",,N",,,
US1DCDC0014,"WASHINGTON 5.1 NW, DC US",38.958091,-77.08173,106.4,3/22/2017,,,,,0,",,N",0,",,N",
US1DCDC0014,"WASHINGTON 5.1 NW, DC US",38.958091,-77.08173,106.4,3/23/2017,,,,,0,",,N",0,",,N",
US1DCDC0014,"WASHINGTON 5.1 NW, DC US",38.958091,-77.08173,106.4,3/24/2017,,,,,0,",,N",0,",,N",
US1DCDC0014,"WASHINGTON 5.1 NW, DC US",38.958091,-77.08173,106.4,3/27/2017,3,",,N",2.5,",,N",,,,,
US1DCDC0014,"WASHINGTON 5.1 NW, DC US",38.958091,-77.08173,106.4,3/28/2017,,,,,2,",,N",,,
US1DCDC0014,"WASHINGTON 5.1 NW, DC US",38.958091,-77.08173,106.4,3/29/2017,,,,,0.8,",,N",,,
US1DCDC0014,"WASHINGTON 5.1 NW, DC US",38.958091,-77.08173,106.4,3/30/2017,,,,,0,",,N",0,",,N",
US1DCDC0014,"WASHINGTON 5.1 NW, DC US",38.958091,-77.08173,106.4,3/31/2017,,,,,4.8,",,N",,,
US1DCDC0014,"WASHINGTON 5.1 NW, DC US",38.958091,-77.08173,106.4,4/1/2017,,,,,22.9,",,N",,,
US1DCDC0014,"WASHINGTON 5.1 NW, DC US",38.958091,-77.08173,106.4,4/2/2017,,,,,0.3,",,N",,,
US1DCDC0014,"WASHINGTON 5.1 NW, DC US",38.958091,-77.08173,106.4,4/3/2017,,,,,0,",,N",0,",,N",
US1DCDC0014,"WASHINGTON 5.1 NW, DC US",38.958091,-77.08173,106.4,4/4/2017,,,,,2.8,",,N",,,
US1DCDC0014,"WASHINGTON 5.1 NW, DC US",38.958091,-77.08173,106.4,4/5/2017,,,,,0,",,N",0,",,N",
US1DCDC0014,"WASHINGTON 5.1 NW, DC US",38.958091,-77.08173,106.4,4/6/2017,,,,,0,",,N",0,",,N",
US1DCDC0014,"WASHINGTON 5.1 NW, DC US",38.958091,-77.08173,106.4,4/7/2017,,,,,38.6,",,N",,,
US1DCDC0014,"WASHINGTON 5.1 NW, DC US",38.958091,-77.08173,106.4,4/8/2017,,,,,0,",,N",0,",,N",
US1DCDC0014,"WASHINGTON 5.1 NW, DC US",38.958091,-77.08173,106.4,4/9/2017,,,,,0,",,N",0,",,N",
US1DCDC0014,"WASHINGTON 5.1 NW, DC US",38.958091,-77.08173,106.4,4/10/2017,,,,,0,",,N",0,",,N",
US1DCDC0014,"WASHINGTON 5.1 NW, DC US",38.958091,-77.08173,106.4,4/11/2017,,,,,0,",,N",0,",,N",
US1DCDC0014,"WASHINGTON 5.1 NW, DC US",38.958091,-77.08173,106.4,4/12/2017,,,,,0,",,N",0,",,N",
US1DCDC0014,"WASHINGTON 5.1 NW, DC US",38.958091,-77.08173,106.4,4/13/2017,,,,,0,",,N",0,",,N",
US1DCDC0014,"WASHINGTON 5.1 NW, DC US",38.958091,-77.08173,106.4,4/14/2017,,,,,0,",,N",0,",,N",
US1DCDC0014,"WASHINGTON 5.1 NW, DC US",38.958091,-77.08173,106.4,4/15/2017,,,,,0,",,N",0,",,N",
US1DCDC0014,"WASHINGTON 5.1 NW, DC US",38.958091,-77.08173,106.4,4/16/2017,,,,,0,"T,,N",,,
US1DCDC0014,"WASHINGTON 5.1 NW, DC US",38.958091,-77.08173,106.4,4/17/2017,,,,,0,",,N",0,",,N",
US1DCDC0014,"WASHINGTON 5.1 NW, DC US",38.958091,-77.08173,106.4,4/18/2017,,,,,1.8,",,N",,,
US1DCDC0014,"WASHINGTON 5.1 NW, DC US",38.958091,-77.08173,106.4,4/19/2017,,,,,0.3,",,N",,,
US1DCDC0014,"WASHINGTON 5.1 NW, DC US",38.958091,-77.08173,106.4,4/20/2017,,,,,0,",,N",0,",,N",
US1DCDC0014,"WASHINGTON 5.1 NW, DC US",38.958091,-77.08173,106.4,4/21/2017,,,,,25.7,",,N",,,
US1DCDC0014,"WASHINGTON 5.1 NW, DC US",38.958091,-77.08173,106.4,4/22/2017,,,,,2.5,",,N",,,
US1DCDC0014,"WASHINGTON 5.1 NW, DC US",38.958091,-77.08173,106.4,4/23/2017,,,,,10.4,",,N",,,
US1DCDC0014,"WASHINGTON 5.1 NW, DC US",38.958091,-77.08173,106.4,4/24/2017,,,,,0.5,",,N",,,
US1DCDC0014,"WASHINGTON 5.1 NW, DC US",38.958091,-77.08173,106.4,4/25/2017,,,,,5.3,",,N",,,
US1DCDC0014,"WASHINGTON 5.1 NW, DC US",38.958091,-77.08173,106.4,4/27/2017,,,,,0,"T,,N",,,
US1DCDC0014,"WASHINGTON 5.1 NW, DC US",38.958091,-77.08173,106.4,4/28/2017,,,,,0.3,",,N",,,
US1DCDC0014,"WASHINGTON 5.1 NW, DC US",38.958091,-77.08173,106.4,4/29/2017,,,,,0,",,N",0,",,N",
US1DCDC0014,"WASHINGTON 5.1 NW, DC US",38.958091,-77.08173,106.4,4/30/2017,,,,,0,",,N",0,",,N",
US1DCDC0014,"WASHINGTON 5.1 NW, DC US",38.958091,-77.08173,106.4,5/1/2017,,,,,0,",,N",0,",,N",
US1DCDC0014,"WASHINGTON 5.1 NW, DC US",38.958091,-77.08173,106.4,5/2/2017,,,,,0.3,",,N",,,
US1DCDC0014,"WASHINGTON 5.1 NW, DC US",38.958091,-77.08173,106.4,5/3/2017,,,,,0,",,N",0,",,N",
US1DCDC0014,"WASHINGTON 5.1 NW, DC US",38.958091,-77.08173,106.4,5/4/2017,,,,,0,",,N",0,",,N",
US1DCDC0014,"WASHINGTON 5.1 NW, DC US",38.958091,-77.08173,106.4,5/5/2017,,,,,25.7,",,N",,,
US1DCDC0014,"WASHINGTON 5.1 NW, DC US",38.958091,-77.08173,106.4,5/6/2017,,,,,5.8,",,N",,,
US1DCDC0014,"WASHINGTON 5.1 NW, DC US",38.958091,-77.08173,106.4,5/7/2017,,,,,1.8,",,N",,,
US1DCDC0014,"WASHINGTON 5.1 NW, DC US",38.958091,-77.08173,106.4,5/8/2017,,,,,0.3,",,N",,,
US1DCDC0014,"WASHINGTON 5.1 NW, DC US",38.958091,-77.08173,106.4,5/9/2017,,,,,0,",,N",0,",,N",
US1DCDC0014,"WASHINGTON 5.1 NW, DC US",38.958091,-77.08173,106.4,5/10/2017,,,,,0,",,N",0,",,N",
US1DCDC0014,"WASHINGTON 5.1 NW, DC US",38.958091,-77.08173,106.4,5/11/2017,,,,,0,",,N",0,",,N",
US1DCDC0014,"WASHINGTON 5.1 NW, DC US",38.958091,-77.08173,106.4,5/12/2017,,,,,19.6,",,N",,,
US1DCDC0014,"WASHINGTON 5.1 NW, DC US",38.958091,-77.08173,106.4,5/13/2017,,,,,21.3,",,N",,,
US1DCDC0014,"WASHINGTON 5.1 NW, DC US",38.958091,-77.08173,106.4,5/14/2017,,,,,0.3,",,N",,,
US1DCDC0014,"WASHINGTON 5.1 NW, DC US",38.958091,-77.08173,106.4,5/15/2017,,,,,0,",,N",0,",,N",
US1DCDC0014,"WASHINGTON 5.1 NW, DC US",38.958091,-77.08173,106.4,5/16/2017,,,,,0,",,N",0,",,N",
US1DCDC0014,"WASHINGTON 5.1 NW, DC US",38.958091,-77.08173,106.4,5/17/2017,,,,,0,",,N",0,",,N",
US1DCDC0014,"WASHINGTON 5.1 NW, DC US",38.958091,-77.08173,106.4,5/18/2017,,,,,0,",,N",0,",,N",
US1DCDC0014,"WASHINGTON 5.1 NW, DC US",38.958091,-77.08173,106.4,5/19/2017,,,,,0,"T,,N",,,
US1DCDC0014,"WASHINGTON 5.1 NW, DC US",38.958091,-77.08173,106.4,5/20/2017,,,,,0,",,N",0,",,N",
US1DCDC0014,"WASHINGTON 5.1 NW, DC US",38.958091,-77.08173,106.4,5/21/2017,,,,,0,",,N",0,",,N",
US1DCDC0014,"WASHINGTON 5.1 NW, DC US",38.958091,-77.08173,106.4,5/22/2017,,,,,2.8,",,N",,,
US1DCDC0014,"WASHINGTON 5.1 NW, DC US",38.958091,-77.08173,106.4,5/23/2017,,,,,1.3,",,N",,,
US1DCDC0014,"WASHINGTON 5.1 NW, DC US",38.958091,-77.08173,106.4,5/24/2017,,,,,3.8,",,N",,,
US1DCDC0014,"WASHINGTON 5.1 NW, DC US",38.958091,-77.08173,106.4,5/25/2017,,,,,13.7,",,N",,,
US1DCDC0014,"WASHINGTON 5.1 NW, DC US",38.958091,-77.08173,106.4,5/27/2017,2,",,N",5.6,",,N",,,,,
US1DCDC0014,"WASHINGTON 5.1 NW, DC US",38.958091,-77.08173,106.4,5/28/2017,,,,,0.5,",,N",,,
US1DCDC0014,"WASHINGTON 5.1 NW, DC US",38.958091,-77.08173,106.4,5/29/2017,,,,,8.1,",,N",,,
US1DCDC0014,"WASHINGTON 5.1 NW, DC US",38.958091,-77.08173,106.4,5/30/2017,,,,,0,",,N",0,",,N",
US1DCDC0014,"WASHINGTON 5.1 NW, DC US",38.958091,-77.08173,106.4,5/31/2017,,,,,4.8,",,N",,,
US1DCDC0014,"WASHINGTON 5.1 NW, DC US",38.958091,-77.08173,106.4,6/1/2017,,,,,4.3,",,N",,,
US1DCDC0014,"WASHINGTON 5.1 NW, DC US",38.958091,-77.08173,106.4,6/2/2017,,,,,0,",,N",0,",,N",
US1DCDC0014,"WASHINGTON 5.1 NW, DC US",38.958091,-77.08173,106.4,6/3/2017,,,,,0,",,N",0,",,N",
US1DCDC0014,"WASHINGTON 5.1 NW, DC US",38.958091,-77.08173,106.4,6/4/2017,,,,,0,",,N",0,",,N",
US1DCDC0014,"WASHINGTON 5.1 NW, DC US",38.958091,-77.08173,106.4,6/5/2017,,,,,0,",,N",0,",,N",
US1DCDC0014,"WASHINGTON 5.1 NW, DC US",38.958091,-77.08173,106.4,6/6/2017,,,,,1.8,",,N",,,
US1DCDC0014,"WASHINGTON 5.1 NW, DC US",38.958091,-77.08173,106.4,6/7/2017,,,,,0,",,N",0,",,N",
US1DCDC0014,"WASHINGTON 5.1 NW, DC US",38.958091,-77.08173,106.4,6/8/2017,,,,,0,",,N",0,",,N",
US1DCDC0014,"WASHINGTON 5.1 NW, DC US",38.958091,-77.08173,106.4,6/9/2017,,,,,0,",,N",0,",,N",
US1DCDC0014,"WASHINGTON 5.1 NW, DC US",38.958091,-77.08173,106.4,6/10/2017,,,,,0,",,N",0,",,N",
US1DCDC0014,"WASHINGTON 5.1 NW, DC US",38.958091,-77.08173,106.4,6/12/2017,,,,,0,",,N",0,",,N",
US1DCDC0014,"WASHINGTON 5.1 NW, DC US",38.958091,-77.08173,106.4,6/13/2017,,,,,0,",,N",0,",,N",
US1DCDC0014,"WASHINGTON 5.1 NW, DC US",38.958091,-77.08173,106.4,6/14/2017,,,,,0,",,N",0,",,N",
US1DCDC0014,"WASHINGTON 5.1 NW, DC US",38.958091,-77.08173,106.4,6/15/2017,,,,,0,",,N",0,",,N",
US1DCDC0014,"WASHINGTON 5.1 NW, DC US",38.958091,-77.08173,106.4,6/16/2017,,,,,0,",,N",0,",,N",
US1DCDC0014,"WASHINGTON 5.1 NW, DC US",38.958091,-77.08173,106.4,6/17/2017,,,,,0.5,",,N",,,
US1DCDC0014,"WASHINGTON 5.1 NW, DC US",38.958091,-77.08173,106.4,6/18/2017,,,,,0,",,N",0,",,N",
US1DCDC0014,"WASHINGTON 5.1 NW, DC US",38.958091,-77.08173,106.4,6/19/2017,,,,,0,",,N",0,",,N",
US1DCDC0014,"WASHINGTON 5.1 NW, DC US",38.958091,-77.08173,106.4,6/20/2017,,,,,13.2,",,N",,,
US1DCDC0014,"WASHINGTON 5.1 NW, DC US",38.958091,-77.08173,106.4,6/21/2017,,,,,0,"T,,N",,,
US1DCDC0014,"WASHINGTON 5.1 NW, DC US",38.958091,-77.08173,106.4,6/22/2017,,,,,0,",,N",0,",,N",
US1DCDC0014,"WASHINGTON 5.1 NW, DC US",38.958091,-77.08173,106.4,6/23/2017,,,,,2.8,",,N",,,
US1DCDC0014,"WASHINGTON 5.1 NW, DC US",38.958091,-77.08173,106.4,6/24/2017,,,,,3.3,",,N",,,
US1DCDC0014,"WASHINGTON 5.1 NW, DC US",38.958091,-77.08173,106.4,6/25/2017,,,,,0,",,N",0,",,N",
US1DCDC0014,"WASHINGTON 5.1 NW, DC US",38.958091,-77.08173,106.4,6/26/2017,,,,,0,",,N",0,",,N",
US1DCDC0014,"WASHINGTON 5.1 NW, DC US",38.958091,-77.08173,106.4,6/27/2017,,,,,0,",,N",0,",,N",
US1DCDC0014,"WASHINGTON 5.1 NW, DC US",38.958091,-77.08173,106.4,6/28/2017,,,,,0,"T,,N",,,
US1DCDC0014,"WASHINGTON 5.1 NW, DC US",38.958091,-77.08173,106.4,6/29/2017,,,,,0,",,N",0,",,N",
US1DCDC0014,"WASHINGTON 5.1 NW, DC US",38.958091,-77.08173,106.4,6/30/2017,,,,,0,",,N",0,",,N",
US1DCDC0014,"WASHINGTON 5.1 NW, DC US",38.958091,-77.08173,106.4,7/1/2017,,,,,0,",,N",0,",,N",
US1DCDC0014,"WASHINGTON 5.1 NW, DC US",38.958091,-77.08173,106.4,7/2/2017,,,,,8.1,",,N",,,
US1DCDC0014,"WASHINGTON 5.1 NW, DC US",38.958091,-77.08173,106.4,7/3/2017,,,,,1.3,",,N",,,
US1DCDC0014,"WASHINGTON 5.1 NW, DC US",38.958091,-77.08173,106.4,7/4/2017,,,,,0,",,N",0,",,N",
US1DCDC0014,"WASHINGTON 5.1 NW, DC US",38.958091,-77.08173,106.4,7/5/2017,,,,,0,",,N",0,",,N",
US1DCDC0014,"WASHINGTON 5.1 NW, DC US",38.958091,-77.08173,106.4,7/6/2017,,,,,10.7,",,N",,,
US1DCDC0014,"WASHINGTON 5.1 NW, DC US",38.958091,-77.08173,106.4,7/7/2017,,,,,8.1,",,N",,,
US1DCDC0014,"WASHINGTON 5.1 NW, DC US",38.958091,-77.08173,106.4,7/8/2017,,,,,0,",,N",0,",,N",
US1DCDC0014,"WASHINGTON 5.1 NW, DC US",38.958091,-77.08173,106.4,7/9/2017,,,,,0,",,N",0,",,N",
US1DCDC0014,"WASHINGTON 5.1 NW, DC US",38.958091,-77.08173,106.4,7/10/2017,,,,,0,",,N",0,",,N",
US1DCDC0014,"WASHINGTON 5.1 NW, DC US",38.958091,-77.08173,106.4,7/11/2017,,,,,0,",,N",0,",,N",
US1DCDC0014,"WASHINGTON 5.1 NW, DC US",38.958091,-77.08173,106.4,7/12/2017,,,,,0,"T,,N",,,
US1DCDC0014,"WASHINGTON 5.1 NW, DC US",38.958091,-77.08173,106.4,7/13/2017,,,,,0,",,N",0,",,N",
US1DCDC0014,"WASHINGTON 5.1 NW, DC US",38.958091,-77.08173,106.4,7/14/2017,,,,,0,",,N",0,",,N",
US1DCDC0014,"WASHINGTON 5.1 NW, DC US",38.958091,-77.08173,106.4,7/15/2017,,,,,13,",,N",,,
US1DCDC0014,"WASHINGTON 5.1 NW, DC US",38.958091,-77.08173,106.4,7/16/2017,,,,,0,",,N",0,",,N",
US1DCDC0014,"WASHINGTON 5.1 NW, DC US",38.958091,-77.08173,106.4,7/17/2017,,,,,0,",,N",0,",,N",
US1DCDC0014,"WASHINGTON 5.1 NW, DC US",38.958091,-77.08173,106.4,7/18/2017,,,,,2.3,",,N",,,
US1DCDC0014,"WASHINGTON 5.1 NW, DC US",38.958091,-77.08173,106.4,7/19/2017,,,,,0,",,N",0,",,N",
US1DCDC0014,"WASHINGTON 5.1 NW, DC US",38.958091,-77.08173,106.4,7/20/2017,,,,,0,",,N",0,",,N",
US1DCDC0014,"WASHINGTON 5.1 NW, DC US",38.958091,-77.08173,106.4,7/21/2017,,,,,0,",,N",0,",,N",
US1DCDC0014,"WASHINGTON 5.1 NW, DC US",38.958091,-77.08173,106.4,7/22/2017,,,,,0,",,N",0,",,N",
US1DCDC0014,"WASHINGTON 5.1 NW, DC US",38.958091,-77.08173,106.4,7/23/2017,,,,,18.8,",,N",,,
US1DCDC0014,"WASHINGTON 5.1 NW, DC US",38.958091,-77.08173,106.4,7/24/2017,,,,,36.6,",,N",,,
US1DCDC0014,"WASHINGTON 5.1 NW, DC US",38.958091,-77.08173,106.4,7/25/2017,,,,,3.8,",,N",,,
US1DCDC0014,"WASHINGTON 5.1 NW, DC US",38.958091,-77.08173,106.4,7/26/2017,,,,,0,",,N",0,",,N",
US1DCDC0014,"WASHINGTON 5.1 NW, DC US",38.958091,-77.08173,106.4,7/27/2017,,,,,0,",,N",0,",,N",
US1DCDC0014,"WASHINGTON 5.1 NW, DC US",38.958091,-77.08173,106.4,7/28/2017,,,,,0,"T,,N",,,
US1DCDC0014,"WASHINGTON 5.1 NW, DC US",38.958091,-77.08173,106.4,7/29/2017,,,,,61.5,",,N",,,
US1DCDC0014,"WASHINGTON 5.1 NW, DC US",38.958091,-77.08173,106.4,7/30/2017,,,,,0.3,",,N",,,
US1DCDC0014,"WASHINGTON 5.1 NW, DC US",38.958091,-77.08173,106.4,8/1/2017,,,,,0,",,N",0,",,N",
US1DCDC0014,"WASHINGTON 5.1 NW, DC US",38.958091,-77.08173,106.4,8/2/2017,,,,,7.4,",,N",,,
US1DCDC0014,"WASHINGTON 5.1 NW, DC US",38.958091,-77.08173,106.4,8/3/2017,,,,,1.3,",,N",,,
US1DCDC0014,"WASHINGTON 5.1 NW, DC US",38.958091,-77.08173,106.4,8/4/2017,,,,,0.8,",,N",,,
US1DCDC0014,"WASHINGTON 5.1 NW, DC US",38.958091,-77.08173,106.4,8/5/2017,,,,,0,",,N",0,",,N",
US1DCDC0014,"WASHINGTON 5.1 NW, DC US",38.958091,-77.08173,106.4,8/6/2017,,,,,0,",,N",0,",,N",
US1DCDC0014,"WASHINGTON 5.1 NW, DC US",38.958091,-77.08173,106.4,8/7/2017,,,,,3,",,N",,,
US1DCDC0014,"WASHINGTON 5.1 NW, DC US",38.958091,-77.08173,106.4,8/8/2017,,,,,19.3,",,N",,,
US1DCDC0014,"WASHINGTON 5.1 NW, DC US",38.958091,-77.08173,106.4,8/9/2017,,,,,0,",,N",0,",,N",
US1DCDC0014,"WASHINGTON 5.1 NW, DC US",38.958091,-77.08173,106.4,8/10/2017,,,,,0,",,N",0,",,N",
US1DCDC0014,"WASHINGTON 5.1 NW, DC US",38.958091,-77.08173,106.4,8/11/2017,,,,,0,",,N",0,",,N",
US1DCDC0014,"WASHINGTON 5.1 NW, DC US",38.958091,-77.08173,106.4,8/12/2017,,,,,7.6,",,N",,,
US1DCDC0014,"WASHINGTON 5.1 NW, DC US",38.958091,-77.08173,106.4,8/13/2017,,,,,31,",,N",,,
US1DCDC0014,"WASHINGTON 5.1 NW, DC US",38.958091,-77.08173,106.4,8/14/2017,,,,,0,",,N",0,",,N",
US1DCDC0014,"WASHINGTON 5.1 NW, DC US",38.958091,-77.08173,106.4,8/15/2017,,,,,0.3,",,N",,,
US1DCDC0014,"WASHINGTON 5.1 NW, DC US",38.958091,-77.08173,106.4,8/16/2017,,,,,50,",,N",,,
US1DCDC0014,"WASHINGTON 5.1 NW, DC US",38.958091,-77.08173,106.4,8/17/2017,,,,,6.4,",,N",,,
US1DCDC0014,"WASHINGTON 5.1 NW, DC US",38.958091,-77.08173,106.4,8/18/2017,,,,,0,",,N",0,",,N",
US1DCDC0014,"WASHINGTON 5.1 NW, DC US",38.958091,-77.08173,106.4,8/19/2017,,,,,39.9,",,N",,,
US1DCDC0014,"WASHINGTON 5.1 NW, DC US",38.958091,-77.08173,106.4,8/20/2017,,,,,0,",,N",0,",,N",
US1DCDC0014,"WASHINGTON 5.1 NW, DC US",38.958091,-77.08173,106.4,8/21/2017,,,,,0,",,N",0,",,N",
US1DCDC0014,"WASHINGTON 5.1 NW, DC US",38.958091,-77.08173,106.4,8/22/2017,,,,,3,",,N",,,
US1DCDC0014,"WASHINGTON 5.1 NW, DC US",38.958091,-77.08173,106.4,8/23/2017,,,,,0,",,N",0,",,N",
US1DCDC0014,"WASHINGTON 5.1 NW, DC US",38.958091,-77.08173,106.4,8/24/2017,,,,,0,",,N",0,",,N",
US1DCDC0014,"WASHINGTON 5.1 NW, DC US",38.958091,-77.08173,106.4,8/25/2017,,,,,3,",,N",,,
US1DCDC0014,"WASHINGTON 5.1 NW, DC US",38.958091,-77.08173,106.4,8/26/2017,,,,,0,",,N",0,",,N",
US1DCDC0014,"WASHINGTON 5.1 NW, DC US",38.958091,-77.08173,106.4,8/27/2017,,,,,0,",,N",0,",,N",
US1DCDC0014,"WASHINGTON 5.1 NW, DC US",38.958091,-77.08173,106.4,8/28/2017,,,,,0,",,N",0,",,N",
US1DCDC0014,"WASHINGTON 5.1 NW, DC US",38.958091,-77.08173,106.4,8/29/2017,,,,,5.6,",,N",,,
US1DCDC0014,"WASHINGTON 5.1 NW, DC US",38.958091,-77.08173,106.4,8/30/2017,,,,,16.3,",,N",,,
US1DCDC0014,"WASHINGTON 5.1 NW, DC US",38.958091,-77.08173,106.4,8/31/2017,,,,,0.3,",,N",,,
US1DCDC0014,"WASHINGTON 5.1 NW, DC US",38.958091,-77.08173,106.4,9/1/2017,,,,,0,",,N",0,",,N",
US1DCDC0014,"WASHINGTON 5.1 NW, DC US",38.958091,-77.08173,106.4,9/3/2017,,,,,23.9,",,N",,,
US1DCDC0014,"WASHINGTON 5.1 NW, DC US",38.958091,-77.08173,106.4,9/4/2017,,,,,0,",,N",0,",,N",
US1DCDC0014,"WASHINGTON 5.1 NW, DC US",38.958091,-77.08173,106.4,9/5/2017,,,,,0,",,N",0,",,N",
US1DCDC0014,"WASHINGTON 5.1 NW, DC US",38.958091,-77.08173,106.4,9/6/2017,,,,,12.7,",,N",,,
US1DCDC0014,"WASHINGTON 5.1 NW, DC US",38.958091,-77.08173,106.4,9/7/2017,,,,,17.8,",,N",,,
US1DCDC0014,"WASHINGTON 5.1 NW, DC US",38.958091,-77.08173,106.4,9/8/2017,,,,,0.5,",,N",,,
US1DCDC0014,"WASHINGTON 5.1 NW, DC US",38.958091,-77.08173,106.4,9/10/2017,2,",,N",0,",,N",,,,,
US1DCDC0014,"WASHINGTON 5.1 NW, DC US",38.958091,-77.08173,106.4,9/11/2017,,,,,0,",,N",0,",,N",
US1DCDC0014,"WASHINGTON 5.1 NW, DC US",38.958091,-77.08173,106.4,9/12/2017,,,,,0,",,N",0,",,N",
US1DCDC0014,"WASHINGTON 5.1 NW, DC US",38.958091,-77.08173,106.4,9/13/2017,,,,,3.3,",,N",,,
US1DCDC0014,"WASHINGTON 5.1 NW, DC US",38.958091,-77.08173,106.4,9/14/2017,,,,,0.8,",,N",,,
US1DCDC0014,"WASHINGTON 5.1 NW, DC US",38.958091,-77.08173,106.4,9/15/2017,,,,,1.3,",,N",,,
US1DCDC0014,"WASHINGTON 5.1 NW, DC US",38.958091,-77.08173,106.4,9/16/2017,,,,,0.5,",,N",,,
US1DCDC0014,"WASHINGTON 5.1 NW, DC US",38.958091,-77.08173,106.4,9/17/2017,,,,,0,",,N",0,",,N",
US1DCDC0014,"WASHINGTON 5.1 NW, DC US",38.958091,-77.08173,106.4,9/18/2017,,,,,0,",,N",0,",,N",
US1DCDC0014,"WASHINGTON 5.1 NW, DC US",38.958091,-77.08173,106.4,9/19/2017,,,,,0,",,N",0,",,N",
US1DCDC0014,"WASHINGTON 5.1 NW, DC US",38.958091,-77.08173,106.4,9/20/2017,,,,,0,",,N",0,",,N",
US1DCDC0014,"WASHINGTON 5.1 NW, DC US",38.958091,-77.08173,106.4,9/21/2017,,,,,0,",,N",0,",,N",
US1DCDC0014,"WASHINGTON 5.1 NW, DC US",38.958091,-77.08173,106.4,9/22/2017,,,,,0,",,N",0,",,N",
US1DCDC0014,"WASHINGTON 5.1 NW, DC US",38.958091,-77.08173,106.4,9/25/2017,,,,,0,",,N",0,",,N",
US1DCDC0014,"WASHINGTON 5.1 NW, DC US",38.958091,-77.08173,106.4,9/26/2017,,,,,0,",,N",0,",,N",
US1DCDC0014,"WASHINGTON 5.1 NW, DC US",38.958091,-77.08173,106.4,9/27/2017,,,,,0,",,N",0,",,N",
US1DCDC0014,"WASHINGTON 5.1 NW, DC US",38.958091,-77.08173,106.4,9/28/2017,,,,,0,",,N",0,",,N",
US1DCDC0014,"WASHINGTON 5.1 NW, DC US",38.958091,-77.08173,106.4,9/29/2017,,,,,0,",,N",0,",,N",
US1DCDC0014,"WASHINGTON 5.1 NW, DC US",38.958091,-77.08173,106.4,9/30/2017,,,,,0,",,N",0,",,N",
US1DCDC0014,"WASHINGTON 5.1 NW, DC US",38.958091,-77.08173,106.4,10/1/2017,,,,,0,",,N",0,",,N",
US1DCDC0014,"WASHINGTON 5.1 NW, DC US",38.958091,-77.08173,106.4,10/2/2017,,,,,0,",,N",0,",,N",
US1DCDC0014,"WASHINGTON 5.1 NW, DC US",38.958091,-77.08173,106.4,10/3/2017,,,,,0,",,N",0,",,N",
US1DCDC0014,"WASHINGTON 5.1 NW, DC US",38.958091,-77.08173,106.4,10/4/2017,,,,,0,",,N",0,",,N",
US1DCDC0014,"WASHINGTON 5.1 NW, DC US",38.958091,-77.08173,106.4,10/5/2017,,,,,0,",,N",0,",,N",
US1DCDC0014,"WASHINGTON 5.1 NW, DC US",38.958091,-77.08173,106.4,10/6/2017,,,,,0,",,N",0,",,N",
US1DCDC0014,"WASHINGTON 5.1 NW, DC US",38.958091,-77.08173,106.4,10/7/2017,,,,,0,",,N",0,",,N",
US1DCDC0014,"WASHINGTON 5.1 NW, DC US",38.958091,-77.08173,106.4,10/8/2017,,,,,0,",,N",0,",,N",
US1DCDC0014,"WASHINGTON 5.1 NW, DC US",38.958091,-77.08173,106.4,10/9/2017,,,,,17.3,",,N",,,
US1DCDC0014,"WASHINGTON 5.1 NW, DC US",38.958091,-77.08173,106.4,10/10/2017,,,,,0.5,",,N",,,
US1DCDC0014,"WASHINGTON 5.1 NW, DC US",38.958091,-77.08173,106.4,10/11/2017,,,,,0.3,",,N",,,
US1DCDC0014,"WASHINGTON 5.1 NW, DC US",38.958091,-77.08173,106.4,10/12/2017,,,,,15,",,N",,,
US1DCDC0014,"WASHINGTON 5.1 NW, DC US",38.958091,-77.08173,106.4,10/13/2017,,,,,0.3,",,N",,,
US1DCDC0014,"WASHINGTON 5.1 NW, DC US",38.958091,-77.08173,106.4,10/14/2017,,,,,0.5,",,N",,,
US1DCDC0014,"WASHINGTON 5.1 NW, DC US",38.958091,-77.08173,106.4,10/15/2017,,,,,0,"T,,N",,,
US1DCDC0014,"WASHINGTON 5.1 NW, DC US",38.958091,-77.08173,106.4,10/16/2017,,,,,1.8,",,N",,,
US1DCDC0014,"WASHINGTON 5.1 NW, DC US",38.958091,-77.08173,106.4,10/17/2017,,,,,0,",,N",0,",,N",
US1DCDC0014,"WASHINGTON 5.1 NW, DC US",38.958091,-77.08173,106.4,10/18/2017,,,,,0,",,N",0,",,N",
US1DCDC0014,"WASHINGTON 5.1 NW, DC US",38.958091,-77.08173,106.4,10/19/2017,,,,,0,",,N",0,",,N",
US1DCDC0014,"WASHINGTON 5.1 NW, DC US",38.958091,-77.08173,106.4,10/20/2017,,,,,0,",,N",0,",,N",
US1DCDC0014,"WASHINGTON 5.1 NW, DC US",38.958091,-77.08173,106.4,10/21/2017,,,,,0,",,N",0,",,N",
US1DCDC0014,"WASHINGTON 5.1 NW, DC US",38.958091,-77.08173,106.4,10/22/2017,,,,,0,",,N",0,",,N",
US1DCDC0014,"WASHINGTON 5.1 NW, DC US",38.958091,-77.08173,106.4,10/24/2017,,,,,5.8,",,N",,,
US1DCDC0014,"WASHINGTON 5.1 NW, DC US",38.958091,-77.08173,106.4,10/25/2017,,,,,0,",,N",0,",,N",
US1DCDC0014,"WASHINGTON 5.1 NW, DC US",38.958091,-77.08173,106.4,10/26/2017,,,,,0,",,N",0,",,N",
US1DCDC0014,"WASHINGTON 5.1 NW, DC US",38.958091,-77.08173,106.4,10/27/2017,,,,,0,",,N",0,",,N",
US1DCDC0014,"WASHINGTON 5.1 NW, DC US",38.958091,-77.08173,106.4,10/29/2017,,,,,7.1,",,N",0,",,N",
US1DCDC0014,"WASHINGTON 5.1 NW, DC US",38.958091,-77.08173,106.4,10/30/2017,,,,,21.6,",,N",,,
US1DCDC0014,"WASHINGTON 5.1 NW, DC US",38.958091,-77.08173,106.4,10/31/2017,,,,,0,",,N",0,",,N",
US1DCDC0014,"WASHINGTON 5.1 NW, DC US",38.958091,-77.08173,106.4,11/1/2017,,,,,0,",,N",0,",,N",
US1DCDC0014,"WASHINGTON 5.1 NW, DC US",38.958091,-77.08173,106.4,11/2/2017,,,,,0.3,",,N",,,
US1DCDC0014,"WASHINGTON 5.1 NW, DC US",38.958091,-77.08173,106.4,11/3/2017,,,,,0,",,N",0,",,N",
US1DCDC0014,"WASHINGTON 5.1 NW, DC US",38.958091,-77.08173,106.4,11/5/2017,2,",,N",15.7,",,N",,,,,
US1DCDC0014,"WASHINGTON 5.1 NW, DC US",38.958091,-77.08173,106.4,11/6/2017,,,,,0.3,",,N",,,
US1DCDC0014,"WASHINGTON 5.1 NW, DC US",38.958091,-77.08173,106.4,11/7/2017,,,,,0.8,",,N",,,
US1DCDC0014,"WASHINGTON 5.1 NW, DC US",38.958091,-77.08173,106.4,11/8/2017,,,,,30.5,",,N",,,
US1DCDC0014,"WASHINGTON 5.1 NW, DC US",38.958091,-77.08173,106.4,11/9/2017,,,,,0.5,",,N",,,
US1DCDC0014,"WASHINGTON 5.1 NW, DC US",38.958091,-77.08173,106.4,11/10/2017,,,,,1.5,",,N",,,
US1DCDC0014,"WASHINGTON 5.1 NW, DC US",38.958091,-77.08173,106.4,11/11/2017,,,,,0,",,N",0,",,N",
US1DCDC0014,"WASHINGTON 5.1 NW, DC US",38.958091,-77.08173,106.4,11/12/2017,,,,,0,",,N",0,",,N",
US1DCDC0014,"WASHINGTON 5.1 NW, DC US",38.958091,-77.08173,106.4,11/13/2017,,,,,3.8,",,N",,,
US1DCDC0014,"WASHINGTON 5.1 NW, DC US",38.958091,-77.08173,106.4,11/14/2017,,,,,0,",,N",0,",,N",
US1DCDC0014,"WASHINGTON 5.1 NW, DC US",38.958091,-77.08173,106.4,11/15/2017,,,,,0,",,N",0,",,N",
US1DCDC0014,"WASHINGTON 5.1 NW, DC US",38.958091,-77.08173,106.4,11/16/2017,,,,,0,",,N",0,",,N",
US1DCDC0014,"WASHINGTON 5.1 NW, DC US",38.958091,-77.08173,106.4,11/17/2017,,,,,0,",,N",0,",,N",
US1DCDC0014,"WASHINGTON 5.1 NW, DC US",38.958091,-77.08173,106.4,11/18/2017,,,,,0,",,N",0,",,N",
US1DCDC0014,"WASHINGTON 5.1 NW, DC US",38.958091,-77.08173,106.4,11/19/2017,,,,,6.1,",,N",,,
US1DCDC0014,"WASHINGTON 5.1 NW, DC US",38.958091,-77.08173,106.4,11/20/2017,,,,,0.3,",,N",,,
US1DCDC0014,"WASHINGTON 5.1 NW, DC US",38.958091,-77.08173,106.4,11/21/2017,,,,,0,",,N",0,",,N",
US1DCDC0014,"WASHINGTON 5.1 NW, DC US",38.958091,-77.08173,106.4,11/22/2017,,,,,0,",,N",0,",,N",
US1DCDC0014,"WASHINGTON 5.1 NW, DC US",38.958091,-77.08173,106.4,11/23/2017,,,,,0.3,",,N",,,
US1DCDC0014,"WASHINGTON 5.1 NW, DC US",38.958091,-77.08173,106.4,11/24/2017,,,,,0,",,N",0,",,N",
US1DCDC0014,"WASHINGTON 5.1 NW, DC US",38.958091,-77.08173,106.4,11/27/2017,3,",,N",0,",,N",,,,,
US1DCDC0014,"WASHINGTON 5.1 NW, DC US",38.958091,-77.08173,106.4,11/28/2017,,,,,0,",,N",0,",,N",
US1DCDC0014,"WASHINGTON 5.1 NW, DC US",38.958091,-77.08173,106.4,11/29/2017,,,,,0,",,N",0,",,N",
US1DCDC0014,"WASHINGTON 5.1 NW, DC US",38.958091,-77.08173,106.4,11/30/2017,,,,,0,",,N",0,",,N",
US1DCDC0014,"WASHINGTON 5.1 NW, DC US",38.958091,-77.08173,106.4,12/1/2017,,,,,0.5,",,N",,,
US1DCDC0014,"WASHINGTON 5.1 NW, DC US",38.958091,-77.08173,106.4,12/3/2017,2,",,N",1.3,",,N",,,,,
US1DCDC0014,"WASHINGTON 5.1 NW, DC US",38.958091,-77.08173,106.4,12/4/2017,,,,,0,",,N",0,",,N",
US1DCDC0014,"WASHINGTON 5.1 NW, DC US",38.958091,-77.08173,106.4,12/5/2017,,,,,0,",,N",0,",,N",
US1DCDC0014,"WASHINGTON 5.1 NW, DC US",38.958091,-77.08173,106.4,12/6/2017,,,,,2.8,",,N",,,
US1DCDC0014,"WASHINGTON 5.1 NW, DC US",38.958091,-77.08173,106.4,12/7/2017,,,,,0,",,N",0,",,N",
US1DCDC0014,"WASHINGTON 5.1 NW, DC US",38.958091,-77.08173,106.4,12/8/2017,,,,,0,",,N",0,",,N",
US1DCDC0014,"WASHINGTON 5.1 NW, DC US",38.958091,-77.08173,106.4,12/9/2017,,,,,0.3,",,N",,,
US1DCDC0014,"WASHINGTON 5.1 NW, DC US",38.958091,-77.08173,106.4,12/10/2017,,,,,5.1,",,N",,,
US1DCDC0014,"WASHINGTON 5.1 NW, DC US",38.958091,-77.08173,106.4,12/11/2017,,,,,0,",,N",0,",,N",
US1DCDC0014,"WASHINGTON 5.1 NW, DC US",38.958091,-77.08173,106.4,12/12/2017,,,,,0,",,N",0,",,N",
US1DCDC0014,"WASHINGTON 5.1 NW, DC US",38.958091,-77.08173,106.4,12/13/2017,,,,,0,",,N",0,",,N",
US1DCDC0014,"WASHINGTON 5.1 NW, DC US",38.958091,-77.08173,106.4,12/14/2017,,,,,0,",,N",0,",,N",
US1DCDC0014,"WASHINGTON 5.1 NW, DC US",38.958091,-77.08173,106.4,12/15/2017,,,,,0,",,N",0,",,N",
US1DCDC0014,"WASHINGTON 5.1 NW, DC US",38.958091,-77.08173,106.4,12/16/2017,,,,,1.3,",,N",,,
US1DCDC0014,"WASHINGTON 5.1 NW, DC US",38.958091,-77.08173,106.4,12/17/2017,,,,,0,",,N",0,",,N",
US1DCDC0014,"WASHINGTON 5.1 NW, DC US",38.958091,-77.08173,106.4,12/18/2017,,,,,0,",,N",0,",,N",
US1DCDC0014,"WASHINGTON 5.1 NW, DC US",38.958091,-77.08173,106.4,12/19/2017,,,,,0,",,N",0,",,N",
US1DCDC0014,"WASHINGTON 5.1 NW, DC US",38.958091,-77.08173,106.4,12/20/2017,,,,,0,",,N",0,",,N",
US1DCDC0014,"WASHINGTON 5.1 NW, DC US",38.958091,-77.08173,106.4,12/21/2017,,,,,0,",,N",0,",,N",
US1DCDC0014,"WASHINGTON 5.1 NW, DC US",38.958091,-77.08173,106.4,12/22/2017,,,,,0,",,N",0,",,N",
US1DCDC0014,"WASHINGTON 5.1 NW, DC US",38.958091,-77.08173,106.4,12/23/2017,,,,,0.8,",,N",,,
US1DCDC0014,"WASHINGTON 5.1 NW, DC US",38.958091,-77.08173,106.4,12/24/2017,,,,,5.3,",,N",,,
US1DCDC0014,"WASHINGTON 5.1 NW, DC US",38.958091,-77.08173,106.4,12/25/2017,,,,,0,",,N",0,",,N",
US1DCDC0014,"WASHINGTON 5.1 NW, DC US",38.958091,-77.08173,106.4,12/26/2017,,,,,0,",,N",0,",,N",
US1DCDC0014,"WASHINGTON 5.1 NW, DC US",38.958091,-77.08173,106.4,12/27/2017,,,,,0,",,N",0,",,N",
US1DCDC0014,"WASHINGTON 5.1 NW, DC US",38.958091,-77.08173,106.4,12/28/2017,,,,,0,",,N",0,",,N",
US1DCDC0014,"WASHINGTON 5.1 NW, DC US",38.958091,-77.08173,106.4,12/29/2017,,,,,0,",,N",0,",,N",
US1DCDC0014,"WASHINGTON 5.1 NW, DC US",38.958091,-77.08173,106.4,12/30/2017,,,,,1,",,N",,,
US1DCDC0014,"WASHINGTON 5.1 NW, DC US",38.958091,-77.08173,106.4,12/31/2017,,,,,0,",,N",0,",,N",
US1DCDC0014,"WASHINGTON 5.1 NW, DC US",38.958091,-77.08173,106.4,1/1/2018,,,,,0,",,N",0,",,N",
US1DCDC0014,"WASHINGTON 5.1 NW, DC US",38.958091,-77.08173,106.4,1/2/2018,,,,,0,",,N",0,",,N",
US1DCDC0014,"WASHINGTON 5.1 NW, DC US",38.958091,-77.08173,106.4,1/3/2018,,,,,0,",,N",0,",,N",
US1DCDC0014,"WASHINGTON 5.1 NW, DC US",38.958091,-77.08173,106.4,1/4/2018,,,,,0.8,",,N",,,
US1DCDC0014,"WASHINGTON 5.1 NW, DC US",38.958091,-77.08173,106.4,1/5/2018,,,,,0,",,N",0,",,N",
US1DCDC0014,"WASHINGTON 5.1 NW, DC US",38.958091,-77.08173,106.4,1/6/2018,,,,,0,",,N",0,",,N",
US1DCDC0014,"WASHINGTON 5.1 NW, DC US",38.958091,-77.08173,106.4,1/7/2018,,,,,0,",,N",0,",,N",
US1DCDC0014,"WASHINGTON 5.1 NW, DC US",38.958091,-77.08173,106.4,1/8/2018,,,,,0,",,N",0,",,N",
US1DCDC0014,"WASHINGTON 5.1 NW, DC US",38.958091,-77.08173,106.4,1/10/2018,,,,,0.5,",,N",,,
US1DCDC0014,"WASHINGTON 5.1 NW, DC US",38.958091,-77.08173,106.4,1/15/2018,,,,,4.3,",,N",,,
US1DCDC0014,"WASHINGTON 5.1 NW, DC US",38.958091,-77.08173,106.4,8/24/2019,,,,,8.1,",,N",,,
US1DCDC0014,"WASHINGTON 5.1 NW, DC US",38.958091,-77.08173,106.4,8/29/2019,,,,,3.3,",,N",,,
US1DCDC0014,"WASHINGTON 5.1 NW, DC US",38.958091,-77.08173,106.4,9/1/2019,,,,,0,",,N",0,",,N",
US1DCDC0014,"WASHINGTON 5.1 NW, DC US",38.958091,-77.08173,106.4,9/2/2019,,,,,0,",,N",0,",,N",
US1DCDC0014,"WASHINGTON 5.1 NW, DC US",38.958091,-77.08173,106.4,9/3/2019,,,,,1.5,",,N",,,
US1DCDC0014,"WASHINGTON 5.1 NW, DC US",38.958091,-77.08173,106.4,9/4/2019,,,,,0,",,N",0,",,N",
US1DCDC0014,"WASHINGTON 5.1 NW, DC US",38.958091,-77.08173,106.4,9/5/2019,,,,,0.3,",,N",,,
US1DCDC0014,"WASHINGTON 5.1 NW, DC US",38.958091,-77.08173,106.4,9/6/2019,,,,,0,",,N",0,",,N",
US1DCDC0014,"WASHINGTON 5.1 NW, DC US",38.958091,-77.08173,106.4,9/7/2019,,,,,0,",,N",0,",,N",
US1DCDC0014,"WASHINGTON 5.1 NW, DC US",38.958091,-77.08173,106.4,9/8/2019,,,,,0,",,N",0,",,N",
US1DCDC0014,"WASHINGTON 5.1 NW, DC US",38.958091,-77.08173,106.4,9/9/2019,,,,,0,",,N",0,",,N",
US1DCDC0014,"WASHINGTON 5.1 NW, DC US",38.958091,-77.08173,106.4,9/10/2019,,,,,0,",,N",0,",,N",
US1DCDC0014,"WASHINGTON 5.1 NW, DC US",38.958091,-77.08173,106.4,9/11/2019,,,,,0,",,N",0,",,N",
US1DCDC0014,"WASHINGTON 5.1 NW, DC US",38.958091,-77.08173,106.4,9/12/2019,,,,,0.8,",,N",,,
US1DCDC0014,"WASHINGTON 5.1 NW, DC US",38.958091,-77.08173,106.4,9/13/2019,,,,,0.3,",,N",,,
US1DCDC0014,"WASHINGTON 5.1 NW, DC US",38.958091,-77.08173,106.4,9/14/2019,,,,,0,",,N",0,",,N",
US1DCDC0014,"WASHINGTON 5.1 NW, DC US",38.958091,-77.08173,106.4,9/15/2019,,,,,0,",,N",0,",,N",
US1DCDC0014,"WASHINGTON 5.1 NW, DC US",38.958091,-77.08173,106.4,9/16/2019,,,,,0,",,N",0,",,N",
US1DCDC0014,"WASHINGTON 5.1 NW, DC US",38.958091,-77.08173,106.4,9/17/2019,,,,,0,",,N",0,",,N",
US1DCDC0014,"WASHINGTON 5.1 NW, DC US",38.958091,-77.08173,106.4,9/18/2019,,,,,0,",,N",0,",,N",
US1DCDC0014,"WASHINGTON 5.1 NW, DC US",38.958091,-77.08173,106.4,9/19/2019,,,,,0,",,N",0,",,N",
US1DCDC0014,"WASHINGTON 5.1 NW, DC US",38.958091,-77.08173,106.4,9/20/2019,,,,,0,",,N",0,",,N",
US1DCDC0014,"WASHINGTON 5.1 NW, DC US",38.958091,-77.08173,106.4,9/21/2019,,,,,0,",,N",0,",,N",
US1DCDC0014,"WASHINGTON 5.1 NW, DC US",38.958091,-77.08173,106.4,9/22/2019,,,,,0,",,N",0,",,N",
US1DCDC0014,"WASHINGTON 5.1 NW, DC US",38.958091,-77.08173,106.4,9/23/2019,,,,,0,",,N",0,",,N",
US1DCDC0014,"WASHINGTON 5.1 NW, DC US",38.958091,-77.08173,106.4,9/24/2019,,,,,0,",,N",0,",,N",
US1DCDC0014,"WASHINGTON 5.1 NW, DC US",38.958091,-77.08173,106.4,9/25/2019,,,,,0,",,N",0,",,N",
US1DCDC0014,"WASHINGTON 5.1 NW, DC US",38.958091,-77.08173,106.4,9/26/2019,,,,,0,",,N",0,",,N",
US1DCDC0014,"WASHINGTON 5.1 NW, DC US",38.958091,-77.08173,106.4,9/28/2019,,,,,0,",,N",0,",,N",
US1DCDC0014,"WASHINGTON 5.1 NW, DC US",38.958091,-77.08173,106.4,9/29/2019,,,,,0,",,N",0,",,N",
US1DCDC0014,"WASHINGTON 5.1 NW, DC US",38.958091,-77.08173,106.4,9/30/2019,,,,,9.1,",,N",,,
US1DCDC0014,"WASHINGTON 5.1 NW, DC US",38.958091,-77.08173,106.4,10/1/2019,,,,,0,",,N",0,",,N",
US1DCDC0014,"WASHINGTON 5.1 NW, DC US",38.958091,-77.08173,106.4,10/2/2019,,,,,0,",,N",0,",,N",
US1DCDC0014,"WASHINGTON 5.1 NW, DC US",38.958091,-77.08173,106.4,10/3/2019,,,,,0,",,N",0,",,N",
US1DCDC0014,"WASHINGTON 5.1 NW, DC US",38.958091,-77.08173,106.4,10/4/2019,,,,,0,",,N",0,",,N",
US1DCDC0014,"WASHINGTON 5.1 NW, DC US",38.958091,-77.08173,106.4,10/5/2019,,,,,0,",,N",0,",,N",
US1DCDC0014,"WASHINGTON 5.1 NW, DC US",38.958091,-77.08173,106.4,10/6/2019,,,,,0,",,N",0,",,N",
US1DCDC0014,"WASHINGTON 5.1 NW, DC US",38.958091,-77.08173,106.4,10/7/2019,,,,,0,",,N",0,",,N",
US1DCDC0014,"WASHINGTON 5.1 NW, DC US",38.958091,-77.08173,106.4,10/8/2019,,,,,0.8,",,N",,,
US1DCDC0014,"WASHINGTON 5.1 NW, DC US",38.958091,-77.08173,106.4,10/9/2019,,,,,1.8,",,N",,,
US1DCDC0014,"WASHINGTON 5.1 NW, DC US",38.958091,-77.08173,106.4,10/10/2019,,,,,0,",,N",0,",,N",
US1DCDC0014,"WASHINGTON 5.1 NW, DC US",38.958091,-77.08173,106.4,10/11/2019,,,,,0,",,N",0,",,N",
US1DCDC0014,"WASHINGTON 5.1 NW, DC US",38.958091,-77.08173,106.4,10/12/2019,,,,,0,",,N",0,",,N",
US1DCDC0014,"WASHINGTON 5.1 NW, DC US",38.958091,-77.08173,106.4,10/13/2019,,,,,0,",,N",0,",,N",
US1DCDC0014,"WASHINGTON 5.1 NW, DC US",38.958091,-77.08173,106.4,10/14/2019,,,,,0,",,N",0,",,N",
US1DCDC0014,"WASHINGTON 5.1 NW, DC US",38.958091,-77.08173,106.4,10/15/2019,,,,,0,",,N",0,",,N",
US1DCDC0014,"WASHINGTON 5.1 NW, DC US",38.958091,-77.08173,106.4,10/16/2019,,,,,67.8,",,N",,,
US1DCDC0014,"WASHINGTON 5.1 NW, DC US",38.958091,-77.08173,106.4,10/17/2019,,,,,0,",,N",0,",,N",
US1DCDC0014,"WASHINGTON 5.1 NW, DC US",38.958091,-77.08173,106.4,10/18/2019,,,,,0,",,N",0,",,N",
US1DCDC0014,"WASHINGTON 5.1 NW, DC US",38.958091,-77.08173,106.4,10/19/2019,,,,,0,",,N",0,",,N",
US1DCDC0014,"WASHINGTON 5.1 NW, DC US",38.958091,-77.08173,106.4,10/20/2019,,,,,6.6,",,N",,,
US1DCDC0014,"WASHINGTON 5.1 NW, DC US",38.958091,-77.08173,106.4,10/21/2019,,,,,98.8,",,N",,,
US1DCDC0014,"WASHINGTON 5.1 NW, DC US",38.958091,-77.08173,106.4,10/22/2019,,,,,0,",,N",0,",,N",
US1DCDC0014,"WASHINGTON 5.1 NW, DC US",38.958091,-77.08173,106.4,10/23/2019,,,,,23.1,",,N",,,
US1DCDC0014,"WASHINGTON 5.1 NW, DC US",38.958091,-77.08173,106.4,10/24/2019,,,,,0,",,N",0,",,N",
US1DCDC0014,"WASHINGTON 5.1 NW, DC US",38.958091,-77.08173,106.4,10/25/2019,,,,,0,",,N",0,",,N",
US1DCDC0014,"WASHINGTON 5.1 NW, DC US",38.958091,-77.08173,106.4,10/26/2019,,,,,0,",,N",0,",,N",
US1DCDC0014,"WASHINGTON 5.1 NW, DC US",38.958091,-77.08173,106.4,10/27/2019,,,,,27.4,",,N",,,
US1DCDC0014,"WASHINGTON 5.1 NW, DC US",38.958091,-77.08173,106.4,10/28/2019,,,,,31,",,N",,,
US1DCDC0014,"WASHINGTON 5.1 NW, DC US",38.958091,-77.08173,106.4,10/29/2019,,,,,0,",,N",0,",,N",
US1DCDC0014,"WASHINGTON 5.1 NW, DC US",38.958091,-77.08173,106.4,10/30/2019,,,,,0,",,N",0,",,N",
US1DCDC0014,"WASHINGTON 5.1 NW, DC US",38.958091,-77.08173,106.4,10/31/2019,,,,,22.6,",,N",,,
US1DCDC0014,"WASHINGTON 5.1 NW, DC US",38.958091,-77.08173,106.4,11/1/2019,,,,,40.9,",,N",,,
US1DCDC0014,"WASHINGTON 5.1 NW, DC US",38.958091,-77.08173,106.4,11/2/2019,,,,,0,",,N",0,",,N",
US1DCDC0014,"WASHINGTON 5.1 NW, DC US",38.958091,-77.08173,106.4,11/3/2019,,,,,0.5,",,N",,,
US1DCDC0014,"WASHINGTON 5.1 NW, DC US",38.958091,-77.08173,106.4,11/4/2019,,,,,0,",,N",0,",,N",
US1DCDC0014,"WASHINGTON 5.1 NW, DC US",38.958091,-77.08173,106.4,11/5/2019,,,,,0,",,N",0,",,N",
US1DCDC0014,"WASHINGTON 5.1 NW, DC US",38.958091,-77.08173,106.4,11/6/2019,,,,,0,",,N",0,",,N",
US1DCDC0014,"WASHINGTON 5.1 NW, DC US",38.958091,-77.08173,106.4,11/7/2019,,,,,0,",,N",0,",,N",
US1DCDC0014,"WASHINGTON 5.1 NW, DC US",38.958091,-77.08173,106.4,11/8/2019,,,,,0,",,N",0,",,N",
US1DCDC0014,"WASHINGTON 5.1 NW, DC US",38.958091,-77.08173,106.4,11/9/2019,,,,,0,",,N",0,",,N",
US1DCDC0014,"WASHINGTON 5.1 NW, DC US",38.958091,-77.08173,106.4,11/11/2019,,,,,0,",,N",0,",,N",
US1DCDC0014,"WASHINGTON 5.1 NW, DC US",38.958091,-77.08173,106.4,11/12/2019,,,,,3.6,",,N",,,
US1DCDC0014,"WASHINGTON 5.1 NW, DC US",38.958091,-77.08173,106.4,11/13/2019,,,,,0.5,",,N",,,
US1DCDC0014,"WASHINGTON 5.1 NW, DC US",38.958091,-77.08173,106.4,11/14/2019,,,,,0,",,N",0,",,N",
US1DCDC0014,"WASHINGTON 5.1 NW, DC US",38.958091,-77.08173,106.4,11/15/2019,,,,,0,",,N",0,",,N",
US1DCDC0014,"WASHINGTON 5.1 NW, DC US",38.958091,-77.08173,106.4,11/16/2019,,,,,0,",,N",0,",,N",
US1DCDC0014,"WASHINGTON 5.1 NW, DC US",38.958091,-77.08173,106.4,11/17/2019,,,,,0,",,N",0,",,N",
US1DCDC0014,"WASHINGTON 5.1 NW, DC US",38.958091,-77.08173,106.4,11/18/2019,,,,,0,",,N",0,",,N",
US1DCDC0014,"WASHINGTON 5.1 NW, DC US",38.958091,-77.08173,106.4,11/19/2019,,,,,11.4,",,N",,,
US1DCDC0014,"WASHINGTON 5.1 NW, DC US",38.958091,-77.08173,106.4,11/20/2019,,,,,0,",,N",0,",,N",
US1DCDC0014,"WASHINGTON 5.1 NW, DC US",38.958091,-77.08173,106.4,11/21/2019,,,,,0,",,N",0,",,N",
US1DCDC0014,"WASHINGTON 5.1 NW, DC US",38.958091,-77.08173,106.4,11/22/2019,,,,,0,",,N",0,",,N",
US1DCDC0014,"WASHINGTON 5.1 NW, DC US",38.958091,-77.08173,106.4,11/23/2019,,,,,2.8,",,N",,,
US1DCDC0014,"WASHINGTON 5.1 NW, DC US",38.958091,-77.08173,106.4,11/24/2019,,,,,36.8,",,N",,,
US1DCDC0014,"WASHINGTON 5.1 NW, DC US",38.958091,-77.08173,106.4,11/25/2019,,,,,0.5,",,N",,,
US1DCDC0014,"WASHINGTON 5.1 NW, DC US",38.958091,-77.08173,106.4,11/26/2019,,,,,0,",,N",0,",,N",
US1DCDC0014,"WASHINGTON 5.1 NW, DC US",38.958091,-77.08173,106.4,11/27/2019,,,,,0.5,",,N",,,
US1DCDC0014,"WASHINGTON 5.1 NW, DC US",38.958091,-77.08173,106.4,11/28/2019,,,,,0,",,N",0,",,N",
US1DCDC0014,"WASHINGTON 5.1 NW, DC US",38.958091,-77.08173,106.4,11/29/2019,,,,,0,",,N",0,",,N",
US1DCDC0014,"WASHINGTON 5.1 NW, DC US",38.958091,-77.08173,106.4,11/30/2019,,,,,0,",,N",0,",,N",
US1DCDC0014,"WASHINGTON 5.1 NW, DC US",38.958091,-77.08173,106.4,12/1/2019,,,,,2.3,",,N",,,
US1DCDC0014,"WASHINGTON 5.1 NW, DC US",38.958091,-77.08173,106.4,12/2/2019,,,,,22.4,",,N",,,
US1DCDC0014,"WASHINGTON 5.1 NW, DC US",38.958091,-77.08173,106.4,12/3/2019,,,,,2,",,N",,,
US1DCDC0014,"WASHINGTON 5.1 NW, DC US",38.958091,-77.08173,106.4,12/4/2019,,,,,0,",,N",0,",,N",
US1DCDC0014,"WASHINGTON 5.1 NW, DC US",38.958091,-77.08173,106.4,12/5/2019,,,,,0,",,N",0,",,N",
US1DCDC0014,"WASHINGTON 5.1 NW, DC US",38.958091,-77.08173,106.4,12/6/2019,,,,,0.5,",,N",,,
US1DCDC0014,"WASHINGTON 5.1 NW, DC US",38.958091,-77.08173,106.4,12/7/2019,,,,,0,",,N",0,",,N",
US1DCDC0014,"WASHINGTON 5.1 NW, DC US",38.958091,-77.08173,106.4,12/8/2019,,,,,0,",,N",0,",,N",
US1DCDC0014,"WASHINGTON 5.1 NW, DC US",38.958091,-77.08173,106.4,12/9/2019,,,,,0,",,N",0,",,N",
US1DCDC0014,"WASHINGTON 5.1 NW, DC US",38.958091,-77.08173,106.4,12/10/2019,,,,,16.5,",,N",,,
US1DCDC0014,"WASHINGTON 5.1 NW, DC US",38.958091,-77.08173,106.4,12/11/2019,,,,,10.9,",,N",,,
US1DCDC0014,"WASHINGTON 5.1 NW, DC US",38.958091,-77.08173,106.4,12/12/2019,,,,,0.3,",,N",,,
US1DCDC0014,"WASHINGTON 5.1 NW, DC US",38.958091,-77.08173,106.4,12/13/2019,,,,,0,",,N",0,",,N",
US1DCDC0014,"WASHINGTON 5.1 NW, DC US",38.958091,-77.08173,106.4,12/14/2019,,,,,18.8,",,N",,,
US1DCDC0014,"WASHINGTON 5.1 NW, DC US",38.958091,-77.08173,106.4,12/15/2019,,,,,4.6,",,N",,,
US1DCDC0014,"WASHINGTON 5.1 NW, DC US",38.958091,-77.08173,106.4,12/16/2019,,,,,0,",,N",0,",,N",
US1DCDC0014,"WASHINGTON 5.1 NW, DC US",38.958091,-77.08173,106.4,12/17/2019,,,,,25.7,",,N",,,
US1DCDC0014,"WASHINGTON 5.1 NW, DC US",38.958091,-77.08173,106.4,12/18/2019,,,,,0.8,",,N",,,
US1DCDC0014,"WASHINGTON 5.1 NW, DC US",38.958091,-77.08173,106.4,12/19/2019,,,,,0,",,N",0,",,N",
US1DCDC0014,"WASHINGTON 5.1 NW, DC US",38.958091,-77.08173,106.4,12/20/2019,,,,,0,",,N",0,",,N",
US1DCDC0014,"WASHINGTON 5.1 NW, DC US",38.958091,-77.08173,106.4,12/21/2019,,,,,0,",,N",0,",,N",
US1DCDC0014,"WASHINGTON 5.1 NW, DC US",38.958091,-77.08173,106.4,12/22/2019,,,,,0,",,N",0,",,N",
US1DCDC0014,"WASHINGTON 5.1 NW, DC US",38.958091,-77.08173,106.4,12/23/2019,,,,,0,",,N",0,",,N",
US1DCDC0014,"WASHINGTON 5.1 NW, DC US",38.958091,-77.08173,106.4,12/24/2019,,,,,0,",,N",0,",,N",
US1DCDC0014,"WASHINGTON 5.1 NW, DC US",38.958091,-77.08173,106.4,12/25/2019,,,,,0,",,N",0,",,N",
US1DCDC0014,"WASHINGTON 5.1 NW, DC US",38.958091,-77.08173,106.4,12/26/2019,,,,,0,",,N",0,",,N",
US1DCDC0014,"WASHINGTON 5.1 NW, DC US",38.958091,-77.08173,106.4,12/27/2019,,,,,0,",,N",0,",,N",
US1DCDC0014,"WASHINGTON 5.1 NW, DC US",38.958091,-77.08173,106.4,12/28/2019,,,,,0,",,N",0,",,N",
US1DCDC0014,"WASHINGTON 5.1 NW, DC US",38.958091,-77.08173,106.4,12/29/2019,,,,,0,",,N",0,",,N",
US1DCDC0014,"WASHINGTON 5.1 NW, DC US",38.958091,-77.08173,106.4,12/30/2019,,,,,28.4,",,N",,,
US1DCDC0014,"WASHINGTON 5.1 NW, DC US",38.958091,-77.08173,106.4,12/31/2019,,,,,9.9,",,N",,,
